0,username0,hashedPassword,Name0,Description0
1,username,hashedPassword,Name1,Description1
2,username10,hashedPassword,Name2,Description2
3,username10,hashedPassword,Name3,Description3
4,username10,hashedPassword,Name4,Description4
5,username10,hashedPassword,Name5,Description5
6,username10,hashedPassword,Name6,Description6
7,username10,hashedPassword,Name7,Description7
8,username10,hashedPassword,Name8,Description8
9,username10,hashedPassword,Name9,Description9
10,username10,hashedPassword,Name10,Description10
